url,decision,target,reason,gsc_clicks_jul5_oct4_2026,parent_text_jaccard,national_service_text_jaccard,traffic_limit
"https://jurispage.com/","keep","/","No consolidation selected in this pass; preserve existing intent and incoming links.","","","","Fresh query/page report unavailable: invalid_grant"
"https://jurispage.com/about-us/","keep","/about-us/","No consolidation selected in this pass; preserve existing intent and incoming links.","","","","Fresh query/page report unavailable: invalid_grant"
"https://jurispage.com/ai-chatbot-for-law-firm-website/","keep","/ai-chatbot-for-law-firm-website/","No consolidation selected in this pass; preserve existing intent and incoming links.","","","","Fresh query/page report unavailable: invalid_grant"
"https://jurispage.com/ai-search-report/","keep","/ai-search-report/","No consolidation selected in this pass; preserve existing intent and incoming links.","","","","Fresh query/page report unavailable: invalid_grant"
"https://jurispage.com/bankruptcy-lawyer-marketing/","keep","/bankruptcy-lawyer-marketing/","No consolidation selected in this pass; preserve existing intent and incoming links.","","","","Fresh query/page report unavailable: invalid_grant"
"https://jurispage.com/best-law-firm-seo-companies/","keep-improve","/best-law-firm-seo-companies/","Provider shortlist intent; 41288 impressions, position 52.3; clarify editorial limitations.","","","","Fresh query/page report unavailable: invalid_grant"
"https://jurispage.com/bing-ads-for-lawyers/","keep","/bing-ads-for-lawyers/","No consolidation selected in this pass; preserve existing intent and incoming links.","","","","Fresh query/page report unavailable: invalid_grant"
"https://jurispage.com/blog/","keep","/blog/","No consolidation selected in this pass; preserve existing intent and incoming links.","","","","Fresh query/page report unavailable: invalid_grant"
"https://jurispage.com/blog/ai-content-without-seo-strategy/","keep","/blog/ai-content-without-seo-strategy/","No consolidation selected in this pass; preserve existing intent and incoming links.","","","","Fresh query/page report unavailable: invalid_grant"
"https://jurispage.com/blog/juris-digital-acquires-jurispage/","merge-301","/jurispage-now-backed-by-juris-digital/","Client-facing acquisition explanation combined; historical press release remains.","","","","Fresh query/page report unavailable: invalid_grant"
"https://jurispage.com/blog/law-firm-seo-guide-2026/","keep","/blog/law-firm-seo-guide-2026/","No consolidation selected in this pass; preserve existing intent and incoming links.","","","","Fresh query/page report unavailable: invalid_grant"
"https://jurispage.com/blog/linkable-assets-for-law-firms/","keep","/blog/linkable-assets-for-law-firms/","No consolidation selected in this pass; preserve existing intent and incoming links.","","","","Fresh query/page report unavailable: invalid_grant"
"https://jurispage.com/blog/local-vs-national-seo-for-attorneys/","keep","/blog/local-vs-national-seo-for-attorneys/","No consolidation selected in this pass; preserve existing intent and incoming links.","","","","Fresh query/page report unavailable: invalid_grant"
"https://jurispage.com/blog/spanish-website-for-law-firm/","keep","/blog/spanish-website-for-law-firm/","No consolidation selected in this pass; preserve existing intent and incoming links.","","","","Fresh query/page report unavailable: invalid_grant"
"https://jurispage.com/blog/technical-seo-for-law-firms/","keep","/blog/technical-seo-for-law-firms/","No consolidation selected in this pass; preserve existing intent and incoming links.","","","","Fresh query/page report unavailable: invalid_grant"
"https://jurispage.com/calculate-roi-law-firm-ppc-campaign/","keep-improve-sitemap","/calculate-roi-law-firm-ppc-campaign/","Tool intent; clarified assumptions and linked from Ads service.","","","","Fresh query/page report unavailable: invalid_grant"
"https://jurispage.com/case-studies/","keep","/case-studies/","No consolidation selected in this pass; preserve existing intent and incoming links.","","","","Fresh query/page report unavailable: invalid_grant"
"https://jurispage.com/case-studies/gjel-accident-attorneys/","keep","/case-studies/gjel-accident-attorneys/","No consolidation selected in this pass; preserve existing intent and incoming links.","","","","Fresh query/page report unavailable: invalid_grant"
"https://jurispage.com/case-studies/immigration-desk/","keep","/case-studies/immigration-desk/","No consolidation selected in this pass; preserve existing intent and incoming links.","","","","Fresh query/page report unavailable: invalid_grant"
"https://jurispage.com/case-studies/the-sands-law-group/","keep","/case-studies/the-sands-law-group/","No consolidation selected in this pass; preserve existing intent and incoming links.","","","","Fresh query/page report unavailable: invalid_grant"
"https://jurispage.com/case-studies/wilson-criminal-defence/","keep","/case-studies/wilson-criminal-defence/","No consolidation selected in this pass; preserve existing intent and incoming links.","","","","Fresh query/page report unavailable: invalid_grant"
"https://jurispage.com/contact/","keep","/contact/","No consolidation selected in this pass; preserve existing intent and incoming links.","","","","Fresh query/page report unavailable: invalid_grant"
"https://jurispage.com/criminal-defense-lawyer-marketing/","keep","/criminal-defense-lawyer-marketing/","No consolidation selected in this pass; preserve existing intent and incoming links.","","","","Fresh query/page report unavailable: invalid_grant"
"https://jurispage.com/criminal-defense-lawyer-marketing/google-ads-for-law-firms/","keep-pending-query-data","/criminal-defense-lawyer-marketing/google-ads-for-law-firms/","Practice-specific paid search differs from integrated marketing parent. Add only matching case proof. Shared-query traffic unavailable; no traffic-based deletion conclusion.","","0.180","0.204","Fresh query/page report unavailable: invalid_grant"
"https://jurispage.com/criminal-defense-lawyer-marketing/law-firm-content-writing/","keep-pending-query-data","/criminal-defense-lawyer-marketing/law-firm-content-writing/","Practice-specific content production differs from integrated marketing parent. Add only matching case proof. Shared-query traffic unavailable; no traffic-based deletion conclusion.","","0.168","0.002","Fresh query/page report unavailable: invalid_grant"
"https://jurispage.com/criminal-defense-lawyer-marketing/law-firm-seo/","keep-pending-query-data","/criminal-defense-lawyer-marketing/law-firm-seo/","Practice-specific organic acquisition differs from integrated marketing parent. Add only matching case proof. Shared-query traffic unavailable; no traffic-based deletion conclusion.","","0.192","0.200","Fresh query/page report unavailable: invalid_grant"
"https://jurispage.com/criminal-defense-lawyer-marketing/law-firm-websites/","keep-pending-query-data","/criminal-defense-lawyer-marketing/law-firm-websites/","Practice-specific website development differs from integrated marketing parent. Add only matching case proof. Shared-query traffic unavailable; no traffic-based deletion conclusion.","","0.174","0.014","Fresh query/page report unavailable: invalid_grant"
"https://jurispage.com/criminal-defense-lawyer-marketing/local-seo-for-law-firms/","keep-pending-query-data","/criminal-defense-lawyer-marketing/local-seo-for-law-firms/","Practice-specific Maps and GBP differs from integrated marketing parent. Add only matching case proof. Shared-query traffic unavailable; no traffic-based deletion conclusion.","","0.203","0.019","Fresh query/page report unavailable: invalid_grant"
"https://jurispage.com/divorce-lawyer-marketing/","keep","/divorce-lawyer-marketing/","No consolidation selected in this pass; preserve existing intent and incoming links.","","","","Fresh query/page report unavailable: invalid_grant"
"https://jurispage.com/dui-lawyer-marketing/","keep","/dui-lawyer-marketing/","No consolidation selected in this pass; preserve existing intent and incoming links.","","","","Fresh query/page report unavailable: invalid_grant"
"https://jurispage.com/dui-lawyer-marketing/google-ads-for-law-firms/","keep-pending-query-data","/dui-lawyer-marketing/google-ads-for-law-firms/","Practice-specific paid search differs from integrated marketing parent. Add only matching case proof. Shared-query traffic unavailable; no traffic-based deletion conclusion.","","0.192","0.197","Fresh query/page report unavailable: invalid_grant"
"https://jurispage.com/dui-lawyer-marketing/law-firm-content-writing/","keep-pending-query-data","/dui-lawyer-marketing/law-firm-content-writing/","Practice-specific content production differs from integrated marketing parent. Add only matching case proof. Shared-query traffic unavailable; no traffic-based deletion conclusion.","","0.183","0.002","Fresh query/page report unavailable: invalid_grant"
"https://jurispage.com/dui-lawyer-marketing/law-firm-seo/","keep-pending-query-data","/dui-lawyer-marketing/law-firm-seo/","Practice-specific organic acquisition differs from integrated marketing parent. Add only matching case proof. Shared-query traffic unavailable; no traffic-based deletion conclusion.","","0.208","0.195","Fresh query/page report unavailable: invalid_grant"
"https://jurispage.com/dui-lawyer-marketing/law-firm-websites/","keep-pending-query-data","/dui-lawyer-marketing/law-firm-websites/","Practice-specific website development differs from integrated marketing parent. Add only matching case proof. Shared-query traffic unavailable; no traffic-based deletion conclusion.","","0.190","0.014","Fresh query/page report unavailable: invalid_grant"
"https://jurispage.com/dui-lawyer-marketing/local-seo-for-law-firms/","keep-pending-query-data","/dui-lawyer-marketing/local-seo-for-law-firms/","Practice-specific Maps and GBP differs from integrated marketing parent. Add only matching case proof. Shared-query traffic unavailable; no traffic-based deletion conclusion.","","0.215","0.018","Fresh query/page report unavailable: invalid_grant"
"https://jurispage.com/employment-lawyer-marketing/","keep","/employment-lawyer-marketing/","No consolidation selected in this pass; preserve existing intent and incoming links.","","","","Fresh query/page report unavailable: invalid_grant"
"https://jurispage.com/estate-planning-lawyer-marketing/","keep","/estate-planning-lawyer-marketing/","No consolidation selected in this pass; preserve existing intent and incoming links.","","","","Fresh query/page report unavailable: invalid_grant"
"https://jurispage.com/family-law-firm-marketing/","keep","/family-law-firm-marketing/","No consolidation selected in this pass; preserve existing intent and incoming links.","","","","Fresh query/page report unavailable: invalid_grant"
"https://jurispage.com/family-law-firm-marketing/google-ads-for-law-firms/","keep-pending-query-data","/family-law-firm-marketing/google-ads-for-law-firms/","Practice-specific paid search differs from integrated marketing parent. Add only matching case proof. Shared-query traffic unavailable; no traffic-based deletion conclusion.","","0.192","0.201","Fresh query/page report unavailable: invalid_grant"
"https://jurispage.com/family-law-firm-marketing/law-firm-content-writing/","keep-pending-query-data","/family-law-firm-marketing/law-firm-content-writing/","Practice-specific content production differs from integrated marketing parent. Add only matching case proof. Shared-query traffic unavailable; no traffic-based deletion conclusion.","","0.182","0.002","Fresh query/page report unavailable: invalid_grant"
"https://jurispage.com/family-law-firm-marketing/law-firm-seo/","keep-pending-query-data","/family-law-firm-marketing/law-firm-seo/","Practice-specific organic acquisition differs from integrated marketing parent. Add only matching case proof. Shared-query traffic unavailable; no traffic-based deletion conclusion.","","0.207","0.196","Fresh query/page report unavailable: invalid_grant"
"https://jurispage.com/family-law-firm-marketing/law-firm-websites/","keep-pending-query-data","/family-law-firm-marketing/law-firm-websites/","Practice-specific website development differs from integrated marketing parent. Add only matching case proof. Shared-query traffic unavailable; no traffic-based deletion conclusion.","","0.189","0.015","Fresh query/page report unavailable: invalid_grant"
"https://jurispage.com/family-law-firm-marketing/local-seo-for-law-firms/","keep-pending-query-data","/family-law-firm-marketing/local-seo-for-law-firms/","Practice-specific Maps and GBP differs from integrated marketing parent. Add only matching case proof. Shared-query traffic unavailable; no traffic-based deletion conclusion.","","0.218","0.019","Fresh query/page report unavailable: invalid_grant"
"https://jurispage.com/free-market-report/","retain-existing-redirect","/see-my-market-gap/","Existing legacy redirect; not a new merge.","","","","Fresh query/page report unavailable: invalid_grant"
"https://jurispage.com/generative-engine-optimization-legal-marketing/","keep","/generative-engine-optimization-legal-marketing/","No consolidation selected in this pass; preserve existing intent and incoming links.","","","","Fresh query/page report unavailable: invalid_grant"
"https://jurispage.com/google-ads-for-law-firms/","keep-improve","/google-ads-for-law-firms/","Paid search management intent; 6944 impressions, position 29.7.","","","","Fresh query/page report unavailable: invalid_grant"
"https://jurispage.com/google-ads-lawyers-atlanta/","merge-301","/google-ads-for-law-firms/","Retire templated metro network; 3 combined GSC clicks in audited three months. Match destination to service.","0","","","Saved browser-verified metro report"
"https://jurispage.com/google-ads-lawyers-austin/","merge-301","/google-ads-for-law-firms/","Retire templated metro network; 3 combined GSC clicks in audited three months. Match destination to service.","0","","","Saved browser-verified metro report"
"https://jurispage.com/google-ads-lawyers-boston/","merge-301","/google-ads-for-law-firms/","Retire templated metro network; 3 combined GSC clicks in audited three months. Match destination to service.","0","","","Saved browser-verified metro report"
"https://jurispage.com/google-ads-lawyers-charlotte/","merge-301","/google-ads-for-law-firms/","Retire templated metro network; 3 combined GSC clicks in audited three months. Match destination to service.","0","","","Saved browser-verified metro report"
"https://jurispage.com/google-ads-lawyers-chicago/","merge-301","/google-ads-for-law-firms/","Retire templated metro network; 3 combined GSC clicks in audited three months. Match destination to service.","0","","","Saved browser-verified metro report"
"https://jurispage.com/google-ads-lawyers-dallas/","merge-301","/google-ads-for-law-firms/","Retire templated metro network; 3 combined GSC clicks in audited three months. Match destination to service.","0","","","Saved browser-verified metro report"
"https://jurispage.com/google-ads-lawyers-denver/","merge-301","/google-ads-for-law-firms/","Retire templated metro network; 3 combined GSC clicks in audited three months. Match destination to service.","0","","","Saved browser-verified metro report"
"https://jurispage.com/google-ads-lawyers-houston/","merge-301","/google-ads-for-law-firms/","Retire templated metro network; 3 combined GSC clicks in audited three months. Match destination to service.","0","","","Saved browser-verified metro report"
"https://jurispage.com/google-ads-lawyers-indianapolis/","merge-301","/google-ads-for-law-firms/","Retire templated metro network; 3 combined GSC clicks in audited three months. Match destination to service.","0","","","Saved browser-verified metro report"
"https://jurispage.com/google-ads-lawyers-las-vegas/","merge-301","/google-ads-for-law-firms/","Retire templated metro network; 3 combined GSC clicks in audited three months. Match destination to service.","0","","","Saved browser-verified metro report"
"https://jurispage.com/google-ads-lawyers-los-angeles/","merge-301","/google-ads-for-law-firms/","Retire templated metro network; 3 combined GSC clicks in audited three months. Match destination to service.","1","","","Saved browser-verified metro report"
"https://jurispage.com/google-ads-lawyers-miami/","merge-301","/google-ads-for-law-firms/","Retire templated metro network; 3 combined GSC clicks in audited three months. Match destination to service.","0","","","Saved browser-verified metro report"
"https://jurispage.com/google-ads-lawyers-minneapolis/","merge-301","/google-ads-for-law-firms/","Retire templated metro network; 3 combined GSC clicks in audited three months. Match destination to service.","1","","","Saved browser-verified metro report"
"https://jurispage.com/google-ads-lawyers-nashville/","merge-301","/google-ads-for-law-firms/","Retire templated metro network; 3 combined GSC clicks in audited three months. Match destination to service.","0","","","Saved browser-verified metro report"
"https://jurispage.com/google-ads-lawyers-new-york/","merge-301","/google-ads-for-law-firms/","Retire templated metro network; 3 combined GSC clicks in audited three months. Match destination to service.","0","","","Saved browser-verified metro report"
"https://jurispage.com/google-ads-lawyers-philadelphia/","merge-301","/google-ads-for-law-firms/","Retire templated metro network; 3 combined GSC clicks in audited three months. Match destination to service.","0","","","Saved browser-verified metro report"
"https://jurispage.com/google-ads-lawyers-phoenix/","merge-301","/google-ads-for-law-firms/","Retire templated metro network; 3 combined GSC clicks in audited three months. Match destination to service.","0","","","Saved browser-verified metro report"
"https://jurispage.com/google-ads-lawyers-portland/","merge-301","/google-ads-for-law-firms/","Retire templated metro network; 3 combined GSC clicks in audited three months. Match destination to service.","0","","","Saved browser-verified metro report"
"https://jurispage.com/google-ads-lawyers-san-antonio/","merge-301","/google-ads-for-law-firms/","Retire templated metro network; 3 combined GSC clicks in audited three months. Match destination to service.","0","","","Saved browser-verified metro report"
"https://jurispage.com/google-ads-lawyers-san-diego/","merge-301","/google-ads-for-law-firms/","Retire templated metro network; 3 combined GSC clicks in audited three months. Match destination to service.","0","","","Saved browser-verified metro report"
"https://jurispage.com/google-ads-lawyers-san-francisco/","merge-301","/google-ads-for-law-firms/","Retire templated metro network; 3 combined GSC clicks in audited three months. Match destination to service.","0","","","Saved browser-verified metro report"
"https://jurispage.com/google-ads-lawyers-san-jose/","merge-301","/google-ads-for-law-firms/","Retire templated metro network; 3 combined GSC clicks in audited three months. Match destination to service.","0","","","Saved browser-verified metro report"
"https://jurispage.com/google-ads-lawyers-seattle/","merge-301","/google-ads-for-law-firms/","Retire templated metro network; 3 combined GSC clicks in audited three months. Match destination to service.","0","","","Saved browser-verified metro report"
"https://jurispage.com/google-ads-lawyers-tampa/","merge-301","/google-ads-for-law-firms/","Retire templated metro network; 3 combined GSC clicks in audited three months. Match destination to service.","0","","","Saved browser-verified metro report"
"https://jurispage.com/google-ads-lawyers-washington-dc/","merge-301","/google-ads-for-law-firms/","Retire templated metro network; 3 combined GSC clicks in audited three months. Match destination to service.","0","","","Saved browser-verified metro report"
"https://jurispage.com/growth-assessment/","merge-301","/see-my-market-gap/","Identical MarketGapForm and report intent; destination covers workflow.","","","","Fresh query/page report unavailable: invalid_grant"
"https://jurispage.com/growth-path/","keep-noindex","/growth-path/","Separate diagnostic application; preserve APIs and tokenized reports.","","","","Fresh query/page report unavailable: invalid_grant"
"https://jurispage.com/growth-report/","retain-existing-redirect","/see-my-market-gap/","Existing legacy redirect; not a new merge.","","","","Fresh query/page report unavailable: invalid_grant"
"https://jurispage.com/homepage-b/","keep-noindex","/homepage-b/","Existing intentional noindex utility/test destination.","","","","Fresh query/page report unavailable: invalid_grant"
"https://jurispage.com/immigration-lawyer-marketing/","keep","/immigration-lawyer-marketing/","No consolidation selected in this pass; preserve existing intent and incoming links.","","","","Fresh query/page report unavailable: invalid_grant"
"https://jurispage.com/jurispage-now-backed-by-juris-digital/","keep","/jurispage-now-backed-by-juris-digital/","No consolidation selected in this pass; preserve existing intent and incoming links.","","","","Fresh query/page report unavailable: invalid_grant"
"https://jurispage.com/launchpad/","keep","/launchpad/","No consolidation selected in this pass; preserve existing intent and incoming links.","","","","Fresh query/page report unavailable: invalid_grant"
"https://jurispage.com/law-firm-content-writing/","keep-improve","/law-firm-content-writing/","Content service intent; 13590 impressions, position 24.6.","","","","Fresh query/page report unavailable: invalid_grant"
"https://jurispage.com/law-firm-email-marketing/","keep","/law-firm-email-marketing/","No consolidation selected in this pass; preserve existing intent and incoming links.","","","","Fresh query/page report unavailable: invalid_grant"
"https://jurispage.com/law-firm-marketing-atlanta/","merge-301","/services/","Retire templated metro network; 3 combined GSC clicks in audited three months. Match destination to service.","0","","","Saved browser-verified metro report"
"https://jurispage.com/law-firm-marketing-austin/","merge-301","/services/","Retire templated metro network; 3 combined GSC clicks in audited three months. Match destination to service.","0","","","Saved browser-verified metro report"
"https://jurispage.com/law-firm-marketing-boston/","merge-301","/services/","Retire templated metro network; 3 combined GSC clicks in audited three months. Match destination to service.","0","","","Saved browser-verified metro report"
"https://jurispage.com/law-firm-marketing-charlotte/","merge-301","/services/","Retire templated metro network; 3 combined GSC clicks in audited three months. Match destination to service.","0","","","Saved browser-verified metro report"
"https://jurispage.com/law-firm-marketing-chicago/","merge-301","/services/","Retire templated metro network; 3 combined GSC clicks in audited three months. Match destination to service.","0","","","Saved browser-verified metro report"
"https://jurispage.com/law-firm-marketing-dallas/","merge-301","/services/","Retire templated metro network; 3 combined GSC clicks in audited three months. Match destination to service.","0","","","Saved browser-verified metro report"
"https://jurispage.com/law-firm-marketing-denver/","merge-301","/services/","Retire templated metro network; 3 combined GSC clicks in audited three months. Match destination to service.","0","","","Saved browser-verified metro report"
"https://jurispage.com/law-firm-marketing-houston/","merge-301","/services/","Retire templated metro network; 3 combined GSC clicks in audited three months. Match destination to service.","0","","","Saved browser-verified metro report"
"https://jurispage.com/law-firm-marketing-indianapolis/","merge-301","/services/","Retire templated metro network; 3 combined GSC clicks in audited three months. Match destination to service.","0","","","Saved browser-verified metro report"
"https://jurispage.com/law-firm-marketing-las-vegas/","merge-301","/services/","Retire templated metro network; 3 combined GSC clicks in audited three months. Match destination to service.","0","","","Saved browser-verified metro report"
"https://jurispage.com/law-firm-marketing-los-angeles/","merge-301","/services/","Retire templated metro network; 3 combined GSC clicks in audited three months. Match destination to service.","0","","","Saved browser-verified metro report"
"https://jurispage.com/law-firm-marketing-miami/","merge-301","/services/","Retire templated metro network; 3 combined GSC clicks in audited three months. Match destination to service.","0","","","Saved browser-verified metro report"
"https://jurispage.com/law-firm-marketing-minneapolis/","merge-301","/services/","Retire templated metro network; 3 combined GSC clicks in audited three months. Match destination to service.","0","","","Saved browser-verified metro report"
"https://jurispage.com/law-firm-marketing-nashville/","merge-301","/services/","Retire templated metro network; 3 combined GSC clicks in audited three months. Match destination to service.","0","","","Saved browser-verified metro report"
"https://jurispage.com/law-firm-marketing-new-york/","merge-301","/services/","Retire templated metro network; 3 combined GSC clicks in audited three months. Match destination to service.","0","","","Saved browser-verified metro report"
"https://jurispage.com/law-firm-marketing-philadelphia/","merge-301","/services/","Retire templated metro network; 3 combined GSC clicks in audited three months. Match destination to service.","0","","","Saved browser-verified metro report"
"https://jurispage.com/law-firm-marketing-phoenix/","merge-301","/services/","Retire templated metro network; 3 combined GSC clicks in audited three months. Match destination to service.","0","","","Saved browser-verified metro report"
"https://jurispage.com/law-firm-marketing-portland/","merge-301","/services/","Retire templated metro network; 3 combined GSC clicks in audited three months. Match destination to service.","0","","","Saved browser-verified metro report"
"https://jurispage.com/law-firm-marketing-san-antonio/","merge-301","/services/","Retire templated metro network; 3 combined GSC clicks in audited three months. Match destination to service.","0","","","Saved browser-verified metro report"
"https://jurispage.com/law-firm-marketing-san-diego/","merge-301","/services/","Retire templated metro network; 3 combined GSC clicks in audited three months. Match destination to service.","0","","","Saved browser-verified metro report"
"https://jurispage.com/law-firm-marketing-san-francisco/","merge-301","/services/","Retire templated metro network; 3 combined GSC clicks in audited three months. Match destination to service.","0","","","Saved browser-verified metro report"
"https://jurispage.com/law-firm-marketing-san-jose/","merge-301","/services/","Retire templated metro network; 3 combined GSC clicks in audited three months. Match destination to service.","0","","","Saved browser-verified metro report"
"https://jurispage.com/law-firm-marketing-seattle/","merge-301","/services/","Retire templated metro network; 3 combined GSC clicks in audited three months. Match destination to service.","0","","","Saved browser-verified metro report"
"https://jurispage.com/law-firm-marketing-tampa/","merge-301","/services/","Retire templated metro network; 3 combined GSC clicks in audited three months. Match destination to service.","0","","","Saved browser-verified metro report"
"https://jurispage.com/law-firm-marketing-washington-dc/","merge-301","/services/","Retire templated metro network; 3 combined GSC clicks in audited three months. Match destination to service.","0","","","Saved browser-verified metro report"
"https://jurispage.com/law-firm-seo-atlanta/","merge-301","/law-firm-seo/","Retire templated metro network; 3 combined GSC clicks in audited three months. Match destination to service.","0","","","Saved browser-verified metro report"
"https://jurispage.com/law-firm-seo-austin/","merge-301","/law-firm-seo/","Retire templated metro network; 3 combined GSC clicks in audited three months. Match destination to service.","0","","","Saved browser-verified metro report"
"https://jurispage.com/law-firm-seo-boston/","merge-301","/law-firm-seo/","Retire templated metro network; 3 combined GSC clicks in audited three months. Match destination to service.","0","","","Saved browser-verified metro report"
"https://jurispage.com/law-firm-seo-charlotte/","merge-301","/law-firm-seo/","Retire templated metro network; 3 combined GSC clicks in audited three months. Match destination to service.","0","","","Saved browser-verified metro report"
"https://jurispage.com/law-firm-seo-chicago/","merge-301","/law-firm-seo/","Retire templated metro network; 3 combined GSC clicks in audited three months. Match destination to service.","0","","","Saved browser-verified metro report"
"https://jurispage.com/law-firm-seo-cost/","keep-improve","/law-firm-seo-cost/","Budget guide, not actual package pricing; 11 clicks, 3210 impressions, position 14.2.","","","","Fresh query/page report unavailable: invalid_grant"
"https://jurispage.com/law-firm-seo-dallas/","merge-301","/law-firm-seo/","Retire templated metro network; 3 combined GSC clicks in audited three months. Match destination to service.","0","","","Saved browser-verified metro report"
"https://jurispage.com/law-firm-seo-denver/","merge-301","/law-firm-seo/","Retire templated metro network; 3 combined GSC clicks in audited three months. Match destination to service.","0","","","Saved browser-verified metro report"
"https://jurispage.com/law-firm-seo-houston/","merge-301","/law-firm-seo/","Retire templated metro network; 3 combined GSC clicks in audited three months. Match destination to service.","0","","","Saved browser-verified metro report"
"https://jurispage.com/law-firm-seo-indianapolis/","merge-301","/law-firm-seo/","Retire templated metro network; 3 combined GSC clicks in audited three months. Match destination to service.","0","","","Saved browser-verified metro report"
"https://jurispage.com/law-firm-seo-las-vegas/","merge-301","/law-firm-seo/","Retire templated metro network; 3 combined GSC clicks in audited three months. Match destination to service.","0","","","Saved browser-verified metro report"
"https://jurispage.com/law-firm-seo-los-angeles/","merge-301","/law-firm-seo/","Retire templated metro network; 3 combined GSC clicks in audited three months. Match destination to service.","0","","","Saved browser-verified metro report"
"https://jurispage.com/law-firm-seo-miami/","merge-301","/law-firm-seo/","Retire templated metro network; 3 combined GSC clicks in audited three months. Match destination to service.","0","","","Saved browser-verified metro report"
"https://jurispage.com/law-firm-seo-minneapolis/","merge-301","/law-firm-seo/","Retire templated metro network; 3 combined GSC clicks in audited three months. Match destination to service.","0","","","Saved browser-verified metro report"
"https://jurispage.com/law-firm-seo-nashville/","merge-301","/law-firm-seo/","Retire templated metro network; 3 combined GSC clicks in audited three months. Match destination to service.","0","","","Saved browser-verified metro report"
"https://jurispage.com/law-firm-seo-new-york/","merge-301","/law-firm-seo/","Retire templated metro network; 3 combined GSC clicks in audited three months. Match destination to service.","0","","","Saved browser-verified metro report"
"https://jurispage.com/law-firm-seo-philadelphia/","merge-301","/law-firm-seo/","Retire templated metro network; 3 combined GSC clicks in audited three months. Match destination to service.","0","","","Saved browser-verified metro report"
"https://jurispage.com/law-firm-seo-phoenix/","merge-301","/law-firm-seo/","Retire templated metro network; 3 combined GSC clicks in audited three months. Match destination to service.","0","","","Saved browser-verified metro report"
"https://jurispage.com/law-firm-seo-portland/","merge-301","/law-firm-seo/","Retire templated metro network; 3 combined GSC clicks in audited three months. Match destination to service.","0","","","Saved browser-verified metro report"
"https://jurispage.com/law-firm-seo-san-antonio/","merge-301","/law-firm-seo/","Retire templated metro network; 3 combined GSC clicks in audited three months. Match destination to service.","0","","","Saved browser-verified metro report"
"https://jurispage.com/law-firm-seo-san-diego/","merge-301","/law-firm-seo/","Retire templated metro network; 3 combined GSC clicks in audited three months. Match destination to service.","0","","","Saved browser-verified metro report"
"https://jurispage.com/law-firm-seo-san-francisco/","merge-301","/law-firm-seo/","Retire templated metro network; 3 combined GSC clicks in audited three months. Match destination to service.","0","","","Saved browser-verified metro report"
"https://jurispage.com/law-firm-seo-san-jose/","merge-301","/law-firm-seo/","Retire templated metro network; 3 combined GSC clicks in audited three months. Match destination to service.","0","","","Saved browser-verified metro report"
"https://jurispage.com/law-firm-seo-seattle/","merge-301","/law-firm-seo/","Retire templated metro network; 3 combined GSC clicks in audited three months. Match destination to service.","0","","","Saved browser-verified metro report"
"https://jurispage.com/law-firm-seo-tampa/","merge-301","/law-firm-seo/","Retire templated metro network; 3 combined GSC clicks in audited three months. Match destination to service.","0","","","Saved browser-verified metro report"
"https://jurispage.com/law-firm-seo-washington-dc/","merge-301","/law-firm-seo/","Retire templated metro network; 3 combined GSC clicks in audited three months. Match destination to service.","0","","","Saved browser-verified metro report"
"https://jurispage.com/law-firm-seo/","keep-improve","/law-firm-seo/","Hire SEO provider; 28115 impressions, position 61.4; guide and Maps serve different intents.","","","","Fresh query/page report unavailable: invalid_grant"
"https://jurispage.com/law-firm-website-design-atlanta/","merge-301","/law-firm-websites/","Retire templated metro network; 3 combined GSC clicks in audited three months. Match destination to service.","0","","","Saved browser-verified metro report"
"https://jurispage.com/law-firm-website-design-austin/","merge-301","/law-firm-websites/","Retire templated metro network; 3 combined GSC clicks in audited three months. Match destination to service.","0","","","Saved browser-verified metro report"
"https://jurispage.com/law-firm-website-design-boston/","merge-301","/law-firm-websites/","Retire templated metro network; 3 combined GSC clicks in audited three months. Match destination to service.","0","","","Saved browser-verified metro report"
"https://jurispage.com/law-firm-website-design-charlotte/","merge-301","/law-firm-websites/","Retire templated metro network; 3 combined GSC clicks in audited three months. Match destination to service.","0","","","Saved browser-verified metro report"
"https://jurispage.com/law-firm-website-design-chicago/","merge-301","/law-firm-websites/","Retire templated metro network; 3 combined GSC clicks in audited three months. Match destination to service.","0","","","Saved browser-verified metro report"
"https://jurispage.com/law-firm-website-design-dallas/","merge-301","/law-firm-websites/","Retire templated metro network; 3 combined GSC clicks in audited three months. Match destination to service.","0","","","Saved browser-verified metro report"
"https://jurispage.com/law-firm-website-design-denver/","merge-301","/law-firm-websites/","Retire templated metro network; 3 combined GSC clicks in audited three months. Match destination to service.","0","","","Saved browser-verified metro report"
"https://jurispage.com/law-firm-website-design-houston/","merge-301","/law-firm-websites/","Retire templated metro network; 3 combined GSC clicks in audited three months. Match destination to service.","0","","","Saved browser-verified metro report"
"https://jurispage.com/law-firm-website-design-indianapolis/","merge-301","/law-firm-websites/","Retire templated metro network; 3 combined GSC clicks in audited three months. Match destination to service.","0","","","Saved browser-verified metro report"
"https://jurispage.com/law-firm-website-design-las-vegas/","merge-301","/law-firm-websites/","Retire templated metro network; 3 combined GSC clicks in audited three months. Match destination to service.","0","","","Saved browser-verified metro report"
"https://jurispage.com/law-firm-website-design-los-angeles/","merge-301","/law-firm-websites/","Retire templated metro network; 3 combined GSC clicks in audited three months. Match destination to service.","0","","","Saved browser-verified metro report"
"https://jurispage.com/law-firm-website-design-miami/","merge-301","/law-firm-websites/","Retire templated metro network; 3 combined GSC clicks in audited three months. Match destination to service.","0","","","Saved browser-verified metro report"
"https://jurispage.com/law-firm-website-design-minneapolis/","merge-301","/law-firm-websites/","Retire templated metro network; 3 combined GSC clicks in audited three months. Match destination to service.","0","","","Saved browser-verified metro report"
"https://jurispage.com/law-firm-website-design-nashville/","merge-301","/law-firm-websites/","Retire templated metro network; 3 combined GSC clicks in audited three months. Match destination to service.","0","","","Saved browser-verified metro report"
"https://jurispage.com/law-firm-website-design-new-york/","merge-301","/law-firm-websites/","Retire templated metro network; 3 combined GSC clicks in audited three months. Match destination to service.","0","","","Saved browser-verified metro report"
"https://jurispage.com/law-firm-website-design-philadelphia/","merge-301","/law-firm-websites/","Retire templated metro network; 3 combined GSC clicks in audited three months. Match destination to service.","0","","","Saved browser-verified metro report"
"https://jurispage.com/law-firm-website-design-phoenix/","merge-301","/law-firm-websites/","Retire templated metro network; 3 combined GSC clicks in audited three months. Match destination to service.","0","","","Saved browser-verified metro report"
"https://jurispage.com/law-firm-website-design-portland/","merge-301","/law-firm-websites/","Retire templated metro network; 3 combined GSC clicks in audited three months. Match destination to service.","1","","","Saved browser-verified metro report"
"https://jurispage.com/law-firm-website-design-san-antonio/","merge-301","/law-firm-websites/","Retire templated metro network; 3 combined GSC clicks in audited three months. Match destination to service.","0","","","Saved browser-verified metro report"
"https://jurispage.com/law-firm-website-design-san-diego/","merge-301","/law-firm-websites/","Retire templated metro network; 3 combined GSC clicks in audited three months. Match destination to service.","0","","","Saved browser-verified metro report"
"https://jurispage.com/law-firm-website-design-san-francisco/","merge-301","/law-firm-websites/","Retire templated metro network; 3 combined GSC clicks in audited three months. Match destination to service.","0","","","Saved browser-verified metro report"
"https://jurispage.com/law-firm-website-design-san-jose/","merge-301","/law-firm-websites/","Retire templated metro network; 3 combined GSC clicks in audited three months. Match destination to service.","0","","","Saved browser-verified metro report"
"https://jurispage.com/law-firm-website-design-seattle/","merge-301","/law-firm-websites/","Retire templated metro network; 3 combined GSC clicks in audited three months. Match destination to service.","0","","","Saved browser-verified metro report"
"https://jurispage.com/law-firm-website-design-tampa/","merge-301","/law-firm-websites/","Retire templated metro network; 3 combined GSC clicks in audited three months. Match destination to service.","0","","","Saved browser-verified metro report"
"https://jurispage.com/law-firm-website-design-washington-dc/","merge-301","/law-firm-websites/","Retire templated metro network; 3 combined GSC clicks in audited three months. Match destination to service.","0","","","Saved browser-verified metro report"
"https://jurispage.com/law-firm-websites/","keep","/law-firm-websites/","No consolidation selected in this pass; preserve existing intent and incoming links.","","","","Fresh query/page report unavailable: invalid_grant"
"https://jurispage.com/local-seo-for-law-firms/","keep","/local-seo-for-law-firms/","Maps/GBP service intent; five reported external links.","","","","Fresh query/page report unavailable: invalid_grant"
"https://jurispage.com/mass-tort-law-firm-marketing/","keep","/mass-tort-law-firm-marketing/","No consolidation selected in this pass; preserve existing intent and incoming links.","","","","Fresh query/page report unavailable: invalid_grant"
"https://jurispage.com/medical-malpractice-lawyer-marketing/","keep","/medical-malpractice-lawyer-marketing/","No consolidation selected in this pass; preserve existing intent and incoming links.","","","","Fresh query/page report unavailable: invalid_grant"
"https://jurispage.com/news/jurispage-acquired-by-juris-digital-2026/","keep","/news/jurispage-acquired-by-juris-digital-2026/","Historical dated release distinct from current-client explanation.","","","","Fresh query/page report unavailable: invalid_grant"
"https://jurispage.com/personal-injury-lawyer-marketing/","keep","/personal-injury-lawyer-marketing/","No consolidation selected in this pass; preserve existing intent and incoming links.","","","","Fresh query/page report unavailable: invalid_grant"
"https://jurispage.com/personal-injury-lawyer-marketing/google-ads-for-law-firms/","keep-pending-query-data","/personal-injury-lawyer-marketing/google-ads-for-law-firms/","Practice-specific paid search differs from integrated marketing parent. Add only matching case proof. Shared-query traffic unavailable; no traffic-based deletion conclusion.","","0.072","0.217","Fresh query/page report unavailable: invalid_grant"
"https://jurispage.com/personal-injury-lawyer-marketing/law-firm-content-writing/","keep-pending-query-data","/personal-injury-lawyer-marketing/law-firm-content-writing/","Practice-specific content production differs from integrated marketing parent. Add only matching case proof. Shared-query traffic unavailable; no traffic-based deletion conclusion.","","0.070","0.002","Fresh query/page report unavailable: invalid_grant"
"https://jurispage.com/personal-injury-lawyer-marketing/law-firm-seo/","keep-pending-query-data","/personal-injury-lawyer-marketing/law-firm-seo/","Practice-specific organic acquisition differs from integrated marketing parent. Add only matching case proof. Shared-query traffic unavailable; no traffic-based deletion conclusion.","","0.076","0.211","Fresh query/page report unavailable: invalid_grant"
"https://jurispage.com/personal-injury-lawyer-marketing/law-firm-websites/","keep-pending-query-data","/personal-injury-lawyer-marketing/law-firm-websites/","Practice-specific website development differs from integrated marketing parent. Add only matching case proof. Shared-query traffic unavailable; no traffic-based deletion conclusion.","","0.070","0.016","Fresh query/page report unavailable: invalid_grant"
"https://jurispage.com/personal-injury-lawyer-marketing/local-seo-for-law-firms/","keep-pending-query-data","/personal-injury-lawyer-marketing/local-seo-for-law-firms/","Practice-specific Maps and GBP differs from integrated marketing parent. Add only matching case proof. Shared-query traffic unavailable; no traffic-based deletion conclusion.","","0.080","0.020","Fresh query/page report unavailable: invalid_grant"
"https://jurispage.com/practice-areas/","keep","/practice-areas/","No consolidation selected in this pass; preserve existing intent and incoming links.","","","","Fresh query/page report unavailable: invalid_grant"
"https://jurispage.com/privacy-policy/","owner-action-needed","","Existing homepage redirect; approved policy text needed.","","","","Fresh query/page report unavailable: invalid_grant"
"https://jurispage.com/real-estate-lawyer-marketing/","keep","/real-estate-lawyer-marketing/","No consolidation selected in this pass; preserve existing intent and incoming links.","","","","Fresh query/page report unavailable: invalid_grant"
"https://jurispage.com/scorpion-legal-marketing-alternative/","keep-improve","/scorpion-legal-marketing-alternative/","Vendor-switch intent; 2327 impressions, position 12.2.","","","","Fresh query/page report unavailable: invalid_grant"
"https://jurispage.com/secret-shop/","keep","/secret-shop/","No consolidation selected in this pass; preserve existing intent and incoming links.","","","","Fresh query/page report unavailable: invalid_grant"
"https://jurispage.com/see-my-market-gap/","keep","/see-my-market-gap/","No consolidation selected in this pass; preserve existing intent and incoming links.","","","","Fresh query/page report unavailable: invalid_grant"
"https://jurispage.com/services/","keep","/services/","No consolidation selected in this pass; preserve existing intent and incoming links.","","","","Fresh query/page report unavailable: invalid_grant"
"https://jurispage.com/services/pricing/","keep","/services/pricing/","Actual offer/terms distinct from market budgeting guide.","","","","Fresh query/page report unavailable: invalid_grant"
"https://jurispage.com/small-law-firm-marketing/","keep","/small-law-firm-marketing/","No consolidation selected in this pass; preserve existing intent and incoming links.","","","","Fresh query/page report unavailable: invalid_grant"
"https://jurispage.com/social-security-disability-lawyer-marketing/","keep","/social-security-disability-lawyer-marketing/","No consolidation selected in this pass; preserve existing intent and incoming links.","","","","Fresh query/page report unavailable: invalid_grant"
"https://jurispage.com/solo-attorney-marketing/","keep","/solo-attorney-marketing/","No consolidation selected in this pass; preserve existing intent and incoming links.","","","","Fresh query/page report unavailable: invalid_grant"
"https://jurispage.com/startup-law-firm-marketing/","keep","/startup-law-firm-marketing/","No consolidation selected in this pass; preserve existing intent and incoming links.","","","","Fresh query/page report unavailable: invalid_grant"
"https://jurispage.com/terms/","keep-noindex","/terms/","Existing intentional noindex utility/test destination.","","","","Fresh query/page report unavailable: invalid_grant"
"https://jurispage.com/thank-you-for-reaching-out/","keep-noindex","/thank-you-for-reaching-out/","Existing intentional noindex utility/test destination.","","","","Fresh query/page report unavailable: invalid_grant"
"https://jurispage.com/workers-comp-lawyer-marketing/","keep","/workers-comp-lawyer-marketing/","No consolidation selected in this pass; preserve existing intent and incoming links.","","","","Fresh query/page report unavailable: invalid_grant"
"https://jurispage.com/workers-comp-lawyer-marketing/google-ads-for-law-firms/","keep-pending-query-data","/workers-comp-lawyer-marketing/google-ads-for-law-firms/","Practice-specific paid search differs from integrated marketing parent. Add only matching case proof. Shared-query traffic unavailable; no traffic-based deletion conclusion.","","0.225","0.191","Fresh query/page report unavailable: invalid_grant"
"https://jurispage.com/workers-comp-lawyer-marketing/law-firm-content-writing/","keep-pending-query-data","/workers-comp-lawyer-marketing/law-firm-content-writing/","Practice-specific content production differs from integrated marketing parent. Add only matching case proof. Shared-query traffic unavailable; no traffic-based deletion conclusion.","","0.218","0.002","Fresh query/page report unavailable: invalid_grant"
"https://jurispage.com/workers-comp-lawyer-marketing/law-firm-seo/","keep-pending-query-data","/workers-comp-lawyer-marketing/law-firm-seo/","Practice-specific organic acquisition differs from integrated marketing parent. Add only matching case proof. Shared-query traffic unavailable; no traffic-based deletion conclusion.","","0.244","0.187","Fresh query/page report unavailable: invalid_grant"
"https://jurispage.com/workers-comp-lawyer-marketing/law-firm-websites/","keep-pending-query-data","/workers-comp-lawyer-marketing/law-firm-websites/","Practice-specific website development differs from integrated marketing parent. Add only matching case proof. Shared-query traffic unavailable; no traffic-based deletion conclusion.","","0.224","0.013","Fresh query/page report unavailable: invalid_grant"
"https://jurispage.com/workers-comp-lawyer-marketing/local-seo-for-law-firms/","keep-pending-query-data","/workers-comp-lawyer-marketing/local-seo-for-law-firms/","Practice-specific Maps and GBP differs from integrated marketing parent. Add only matching case proof. Shared-query traffic unavailable; no traffic-based deletion conclusion.","","0.257","0.017","Fresh query/page report unavailable: invalid_grant"